Title,Source,Content,Result
#ุงุทูุงุนู_ููุฑ โฆ๏ธ -ูุงุจู ุชูุฌู ุฏุงูุดโุขููุฒุงูุ ุฏุงูุดุฌูุงู ู ฺฉุงุฑููุฏุงู ๐ฅูุฑุฏุง ฺฉูู ููุงุทุน ุชุญุตู ุทุจู ุฑูุงู ุนุงุฏ ุญุถูุฑ ูุณุชูุฏ ๐นูุนุงู...,@khozkhabar,#ุงุทูุงุนู_ููุฑ โฆ๏ธูุงุจู ุชูุฌู ุฏุงูุดโุขููุฒุงูุ ุฏุงูุดุฌูุงู ู ฺฉุงุฑููุฏุงู ๐ฅูุฑุฏุง ฺฉูู ููุงุทุน ุชุญุตู ุทุจู ุฑูุงู ุนุงุฏ ุญุถูุฑ ูุณุชูุฏ ๐นูุนุงูุช ฺฉูู ูุฏุงุฑุณ ุงุณุชุงู ุฎูุฒุณุชุงู ุฏุฑ ุชูุงู ููุงุทุน ุชุญุตู ุฏุฑ ุฑูุฒ ุฏูุดูุจู ฑดูด/น/ฒดุจู ุฑูุงู ุนุงุฏ ู ุจูโุตูุฑุช ุญุถูุฑ ุจุฑูุฑุงุฑ ุงุณุช. #ุงุทูุงุน_ุฑุณุงู_ฺฉูุฏ โ ุงุฎุจุงุฑ  ุชุนุทู ูุฏุงุฑุณ ูโุงุฏุงุฑุงุช ู ุฏุงูุดฺฏุงู ูุง ุฎูุฒุณุชุงู ุฑุง ุฏูุจุงู ฺฉูุฏ๐๐๐ผ https://t.me/khozkhabar https://t.me/khozkhabar,"
1. ููุถูุน: ุดูุฑ
2. ุงูููุช: Medium
3. ุงูุฏุงู: ุงุนูุงู ุญุถูุฑโ ุจูุฏู ูุฏุงุฑุณ ู ุฏุงูุดฺฏุงูโูุง ุฎูุฒุณุชุงู ุฏุฑ ุฑูุฒ ุฏูุดูุจู.
4. ูุญูู: ูุงูุดุฎุต"
ุดฺฉุณุชฺฏ ูููู ุงุตู ู ููุฑุงู ุขุจ,,,1. ููุถูุน: ุฒุฑุณุงุฎุช 2. ุงูููุช: High 3. ุงูุฏุงู: ุงุนุฒุงู ุชู ุชุนูุฑุงุช 4. ูุญูู: ฺฉูุช ุนุจุฏุงููู
#ูู_ุงฺฉููู/ ๐ถฺฉ ุงุฑุงู ููุง ูพุงฺฉ ๐ทฺฉ ุฎูุฒุณุชุงู ููุง ุขููุฏู #ุงุทูุงุน_ุฑุณุงู_ฺฉูุฏ โ ุงุฎุจุงุฑ ุชุนุทู ูุฏุงุฑุณ ูโุงุฏุงุฑุงุช ู ุฏุงูุดฺฏุงู ูุง ุฎูุฒ...,@khozkhabar,#ูู_ุงฺฉููู/ ๐ถฺฉ ุงุฑุงู ููุง ูพุงฺฉ ๐ทฺฉ ุฎูุฒุณุชุงู ููุง ุขููุฏู #ุงุทูุงุน_ุฑุณุงู_ฺฉูุฏ โ ุงุฎุจุงุฑ  ุชุนุทู ูุฏุงุฑุณ ูโุงุฏุงุฑุงุช ู ุฏุงูุดฺฏุงู ูุง ุฎูุฒุณุชุงู ุฑุง ุฏูุจุงู ฺฉูุฏ๐ https://t.me/khozkhabar https://t.me/khozkhabar,"1. ููุถูุน: ูุญุท ุฒุณุช
2. ุงูููุช: High
3. ุงูุฏุงู: ุงุทูุงุนโุฑุณุงู ุฏุฑุจุงุฑู ุงุญุชูุงู ุชุนุทู ูุฏุงุฑุณ ู ุงุฏุงุฑุงุช ุฎูุฒุณุชุงู ุจู ุฏูู ุขููุฏฺฏ ููุง ุถุฑูุฑ ุงุณุช.
4. ูุญูู: ูุงูุดุฎุต
"
#ูุงุจู_ุชูุฌู ๐ฅุนูุงูู ููู ุจุฑุง ุชุตูู ฺฏุฑ ุฏุฑ ููุฑุฏ ุชุนุทู ุฑูุฒ ุณู ุดูุจู: ๐ทุขููุฏฺฏ ููุง ๐ทูู ุขููุฏฺฏ ู ุณุฑูุง ุดุฏุฏ ๐ทุดูุน ุขููููุงูุฒ...,@khozkhabar,#ูุงุจู_ุชูุฌู ๐ฅุนูุงูู ููู ุจุฑุง ุชุตูู ฺฏุฑ ุฏุฑ ููุฑุฏ ุชุนุทู ุฑูุฒ ุณู ุดูุจู: ๐ทุขููุฏฺฏ ููุง ๐ทูู ุขููุฏฺฏ ู ุณุฑูุง ุดุฏุฏ ๐ทุดูุน ุขููููุงูุฒุง ๐ถุจุฑุฑุณ ุขุฎุฑู ูุถุนุช ุงู ููุฑุฏ ุจุงุนุซ ุชุตูู ฺฏุฑ ุฏุฑุณุช ฺฉุงุฑฺฏุฑูู ุงุถุทุฑุงุฑ ุฎูุงูุฏ ุดุฏ. #ุงุทูุงุน_ุฑุณุงู_ฺฉูุฏ โ ุงุฎุจุงุฑ  ุชุนุทู ูุฏุงุฑุณ ูโุงุฏุงุฑุงุช ู ุฏุงูุดฺฏุงู ูุง ุฎูุฒุณุชุงู ุฑุง ุฏูุจุงู ฺฉูุฏ๐ https://t.me/khozkhabar https://t.me/khozkhabar,"1. ููุถูุน: ุดูุฑ
2. ุงูููุช: Medium
3. ุงูุฏุงู: ุจุฑุฑุณ ูุถุนุช ุขููุฏฺฏ ููุงุ ูู ู ุดูุน ุขููููุงูุฒุง ุจุฑุง ุชุตููโฺฏุฑ ุฏุฑุจุงุฑู ุชุนุทู.
4. ูุญูู: ูุงูุดุฎุต
"
๐บุงุทูุงุนู ูุทุน ุจุฑู ุฏุฑ ุจุงุบููฺฉ ู ุงูุฏูุดฺฉ #ุงุทูุงุน_ุฑุณุงู_ฺฉูุฏ โ ุงุฎุจุงุฑ ุชุนุทู ูุฏุงุฑุณ ูโุงุฏุงุฑุงุช ู ุฏุงูุดฺฏุงู ูุง ุฎูุฒุณุชุงู ุฑุง ุฏูุจุงู ฺฉู...,@khozkhabar,๐บุงุทูุงุนู ูุทุน ุจุฑู  ุฏุฑ ุจุงุบููฺฉ ู ุงูุฏูุดฺฉ #ุงุทูุงุน_ุฑุณุงู_ฺฉูุฏ โ ุงุฎุจุงุฑ  ุชุนุทู ูุฏุงุฑุณ ูโุงุฏุงุฑุงุช ู ุฏุงูุดฺฏุงู ูุง ุฎูุฒุณุชุงู ุฑุง ุฏูุจุงู ฺฉูุฏ๐ https://t.me/khozkhabar https://t.me/khozkhabar,"1. ููุถูุน: ุฒุฑุณุงุฎุช
2. ุงูููุช: Medium
3. ุงูุฏุงู: ุงุทูุงุนโุฑุณุงู ุฏุฑุจุงุฑู ูุทุน ุจุฑู ุฏุฑ ุจุงุบููฺฉ ู ุงูุฏูุดฺฉ ุงูุฌุงู ุดุฏ.
4. ูุญูู: ูุงูุดุฎุต
"
#ุบุฑ_ุฑุณู ๐ฅุจุฑุฎ ููุงุจุน ุงุฒ ุชุนุทู ูุฏุงุฑุณ ู ุฏุงูุดฺฏุงู ูุง ุจุฑุฎ ุดูุฑูุง ุฎูุฒุณุชุงู ุฏุฑ ุฑูุฒ ุณู ุดูุจู ุฎุจุฑ ู ุฏููุฏ. ๐ทููุชุธุฑ ุฎุจุฑ ููุง ู...,@khozkhabar,#ุบุฑ_ุฑุณู ๐ฅุจุฑุฎ ููุงุจุน ุงุฒ ุชุนุทู ูุฏุงุฑุณ ู ุฏุงูุดฺฏุงู ูุง ุจุฑุฎ ุดูุฑูุง ุฎูุฒุณุชุงู ุฏุฑ ุฑูุฒ ุณู ุดูุจู ุฎุจุฑ ู ุฏููุฏ. ๐ทููุชุธุฑ ุฎุจุฑ ููุง ู ุฑุณู ุจุงุดุฏ... #ุงุทูุงุน_ุฑุณุงู_ฺฉูุฏ โ ุงุฎุจุงุฑ  ุชุนุทู ูุฏุงุฑุณ ูโุงุฏุงุฑุงุช ู ุฏุงูุดฺฏุงู ูุง ุฎูุฒุณุชุงู ุฑุง ุฏูุจุงู ฺฉูุฏ๐ https://t.me/khozkhabar https://t.me/khozkhabar,"1. ููุถูุน: ุดูุฑ
2. ุงูููุช: Medium
3. ุงูุฏุงู: ุงุทูุงุนโุฑุณุงู ุฏุฑ ุฎุตูุต ุงุญุชูุงู ุชุนุทู ูุฏุงุฑุณ ู ุฏุงูุดฺฏุงูโูุง ุฏุฑ ุฎูุฒุณุชุงู ุถุฑูุฑ ุงุณุช.
4. ูุญูู: ูุงูุดุฎุต
"
๐ฅุดุงุฎุต ุขููุฏฺฏ ุดูุฑูุง ุฎูุฒุณุชุงู ๐ดุขุจุงุฏุงู : 156 ๐ดุขุบุงุฌุงุฑ : 152 ๐ดุงููุงุฒ : 168 ๐ดุงูุฏูุดฺฉ : 164 ๐ดุฏุดุช ุขุฒุงุฏฺฏุงู : 176 ๐ดุฏุฒููู :...,@khozkhabar,๐ฅุดุงุฎุต ุขููุฏฺฏ ุดูุฑูุง ุฎูุฒุณุชุงู ๐ดุขุจุงุฏุงู : 156 ๐ดุขุบุงุฌุงุฑ : 152 ๐ดุงููุงุฒ : 168 ๐ดุงูุฏูุดฺฉ : 164 ๐ดุฏุดุช ุขุฒุงุฏฺฏุงู : 176 ๐ดุฏุฒููู : 166 ๐ดููุฒู : 175 ๐ดฺฉุงุฑูู : 178 ๐ดุฎุฑูุดูุฑ : 157 ๐ดูุงูุดูุฑ : 169 ๐ดููุงุซุงู : 158 ๐ดุดุงุฏฺฏุงู : 155 ๐ดุดูุดุชุฑ : 156 ๐ดุดูุด : 159 ๐ูุงู : 103 ๐ููุชฺฉู : 129 ๐ุจูุจูุงู : 118 #ุงุทูุงุน_ุฑุณุงู_ฺฉูุฏ โ ุงุฎุจุงุฑ  ุชุนุทู ูุฏุงุฑุณ ูโุงุฏุงุฑุงุช ู ุฏุงูุดฺฏุงู ูุง ุฎูุฒุณุชุงู ุฑุง ุฏูุจุงู ฺฉูุฏ๐ https://t.me/khozkhabar https://t.me/khozkhabar,"
1. ููุถูุน: ูุญุท ุฒุณุช
2. ุงูููุช: High
3. ุงูุฏุงู: ุงุทูุงุนโุฑุณุงู ุจู ุดูุฑููุฏุงู ุฏุฑ ุฎุตูุต ุขููุฏฺฏ ููุง ู ุงุญุชูุงู ุชุนุทู ูุฏุงุฑุณ ู ุงุฏุงุฑุงุช.
4. ูุญูู: ูุงูุดุฎุต"
#ููุฑ_ููู ๐ฅุงุญุชูุงู ุชุนุทู ูุฏุงุฑุณ ู ุฏุงูุดฺฏุงู ูุง ุฏุฑ ุฑูุฒ ุณู ุดูุจู ุจุฏูู ุขููุฏฺฏ ููุง #ุงุทูุงุน_ุฑุณุงู_ฺฉูุฏ ุงุฎุจุงุฑ ุชุนุทู ูุฏุงุฑุณ ู ุงุฏุงุฑ...,@khozkhabar,#ููุฑ_ููู ๐ฅุงุญุชูุงู ุชุนุทู ูุฏุงุฑุณ ู ุฏุงูุดฺฏุงู ูุง ุฏุฑ ุฑูุฒ ุณู ุดูุจู ุจุฏูู ุขููุฏฺฏ ููุง #ุงุทูุงุน_ุฑุณุงู_ฺฉูุฏ ุงุฎุจุงุฑ ุชุนุทู ูุฏุงุฑุณ ู ุงุฏุงุฑุงุช ู ุฏุงูุดฺฏุงู ูุง ุฎูุฒุณุชุงู ุฑุง ุฏูุจุงู ฺฉูุฏ๐ https://t.me/khozkhabar https://t.me/khozkhabar,"
1. ููุถูุน: ูุญุท ุฒุณุช
2. ุงูููุช: High
3. ุงูุฏุงู: ุจุฑุฑุณ ุงุญุชูุงู ุชุนุทู ูุฏุงุฑุณ ู ุฏุงูุดฺฏุงูโูุง ุจู ุฏูู ุขููุฏฺฏ ููุง ุฏุฑ ุฎูุฒุณุชุงู.
4. ูุญูู: ูุงูุดุฎุต"
#ูุธุฑุณูุฌ_ููู ๐ฅุจุง ุชูุฌู ุจู ุชุฏุงูู ุขููุฏฺฏ ููุง ุขุง ุจุง ุชุนุทู ุฑูุฒ ุณู ุดูุจู ููุงูู ูุณุชุฏุ ๐๐ https://whatsapp.com/channel/0029...,@khozkhabar,#ูุธุฑุณูุฌ_ููู ๐ฅุจุง ุชูุฌู ุจู ุชุฏุงูู ุขููุฏฺฏ ููุง ุขุง ุจุง ุชุนุทู ุฑูุฒ ุณู ุดูุจู ููุงูู ูุณุชุฏุ ๐๐ https://whatsapp.com/channel/0029VbBUidyG3R3nNW8spH0B/435,"1. ููุถูุน: ูุญุท ุฒุณุช
2. ุงูููุช: High
3. ุงูุฏุงู: ุจุฑุฑุณ ู ุงุนูุงู ูุธุฑ ุฏุฑ ุฎุตูุต ุชุนุทู ุงุญุชูุงู ุฑูุฒ ุณู ุดูุจู ุจู ุฏูู ุขููุฏฺฏ ููุง.
4. ูุญูู: ูุงูุดุฎุต
"
#ุงุทูุงุนู_ููุฑ โฆ๏ธ -ูุงุจู ุชูุฌู ฺฉุงุฑฺฉูุงู ููุทูู ูฺู ูพุชุฑูุดู ๐ฅุดุฑูุน ุจู ฺฉุงุฑ ฺฉุงุฑฺฉูุงู ุฑูุฒฺฉุงุฑ ููุทูู ูฺู ุงูุชุตุงุฏ ูพุชุฑูุดู ุจุง ฺฉ ุณ...,@khozkhabar,#ุงุทูุงุนู_ููุฑ โฆ๏ธูุงุจู ุชูุฌู ฺฉุงุฑฺฉูุงู ููุทูู ูฺู ูพุชุฑูุดู ๐ฅุดุฑูุน ุจู ฺฉุงุฑ ฺฉุงุฑฺฉูุงู ุฑูุฒฺฉุงุฑ ููุทูู ูฺู ุงูุชุตุงุฏ ูพุชุฑูุดู ุจุง ฺฉ ุณุงุนุช ุชุงุฎุฑ ุฏุฑ ุฑูุฒ ุณูโุดูุจู ๐นุจู ฺฏุฒุงุฑุด ุฑูุงุจุท ุนููู ู ุณุฎูฺฏู ุดุฑุงุท ุงุถุทุฑุงุฑ ููุทูู ูฺู ุงูุชุตุงุฏ ูพุชุฑูุดูุ ุจุฑุงุณุงุณ ูพุด ุจู ุฌู ูุจู ุจุฑ ูููุน ูพุฏุฏู ูู ุตุจุญฺฏุงู ู ฺฉุงูุด ุฏุฏ ุงููุ ูพุฑู ูุตูุจู ฺฉูุชู ูพุฏุงููุฏ ุบุฑ ุนุงูู ู ูุฏุฑุช ุจุญุฑุงู ููุทูู ูฺู ุงูุชุตุงุฏ ูพุชุฑูุดู ู ุฏุฑ ุฑุงุณุชุง ุตุงูุช ุงุฒ ุณูุงูุช ฺฉุงุฑฺฉูุงู ููุทููุ ุจุฏููุณูู ูุฑุฏุง ุณูโุดูุจู ููุฑุฎ ฑดฐด/ฐน/ฒต ุณุงุนุช ุดุฑูุน ุจู ฺฉุงุฑ ฺฉุงุฑฺฉูุงู ุฑูุฒฺฉุงุฑ ุจุง ฺฉ ุณุงุนุช ุชุงุฎุฑ ( ูฉ ุตุจุญ ) ุงุนูุงู ูโฺฏุฑุฏุฏ. #ุงุทูุงุน_ุฑุณุงู_ฺฉูุฏ โ ุงุฎุจุงุฑ  ุชุนุทู ูุฏุงุฑุณ ูโุงุฏุงุฑุงุช ู ุฏุงูุดฺฏุงู ูุง ุฎูุฒุณุชุงู ุฑุง ุฏูุจุงู ฺฉูุฏ๐ https://t.me/khozkhabar https://t.me/khozkhabar,"1. ููุถูุน: ุดูุฑ
2. ุงูููุช: Medium
3. ุงูุฏุงู: ุดุฑูุน ุจู ฺฉุงุฑ ฺฉุงุฑฺฉูุงู ููุทูู ูฺู ูพุชุฑูุดู ุงููุงุฒ ุจุง ฺฉ ุณุงุนุช ุชุงุฎุฑ ุจู ุฏูู ูพุฏุฏู ูู ุตุจุญฺฏุงู ุงุนูุงู ุดุฏ.
4. ูุญูู: ูุงูุดุฎุต
"
#ููุฑ ๐ฅุชูุงู ููุงุทู ุงููุงุฒ ุฏุฑ ูุถุนุช ูุฑูุฒ-ูุงุณุงูู ูุฑุงุฑ ฺฏุฑูุชูุฏ. #ุงุทูุงุน_ุฑุณุงู_ฺฉูุฏ โ ุงุฎุจุงุฑ ุชุนุทู ูุฏุงุฑุณ ูโุงุฏุงุฑุงุช ู ุฏุงูุดฺฏุงู ูุง...,@khozkhabar,#ููุฑ ๐ฅุชูุงู ููุงุทู ุงููุงุฒ ุฏุฑ ูุถุนุช ูุฑูุฒ-ูุงุณุงูู ูุฑุงุฑ ฺฏุฑูุชูุฏ. #ุงุทูุงุน_ุฑุณุงู_ฺฉูุฏ โ ุงุฎุจุงุฑ  ุชุนุทู ูุฏุงุฑุณ ูโุงุฏุงุฑุงุช ู ุฏุงูุดฺฏุงู ูุง ุฎูุฒุณุชุงู ุฑุง ุฏูุจุงู ฺฉูุฏ๐ https://t.me/khozkhabar https://t.me/khozkhabar,"1. ููุถูุน: ูุญุท ุฒุณุช
2. ุงูููุช: High
3. ุงูุฏุงู: ุงุทูุงุนโุฑุณุงู ุฏุฑ ุฎุตูุต ูุถุนุช ูุฑูุฒ ููุง ุงููุงุฒ ู ุงุญุชูุงู ุชุนุทูโูุง ุถุฑูุฑ ุงุณุช.
4. ูุญูู: ูุงูุดุฎุต
"
#ููุฑ ๐ฅุชุดุฏุฏ ุขููุฏฺฏ ููุง ุฏุฑ ุฎูุฒุณุชุงู ๐ฅููุง ฑธ ุดูุฑ ุฏุฑ ูุถุนุช ูุงุณุงูู ๐ด ุณูุณูฺฏุฑุฏ ฑธฐ AQI ๐ด ฺฉุงุฑูู ฑทด AQI ๐ด ุงููุงุฒ ฑทณ AQI ๏ฟฝ...,@khozkhabar,#ููุฑ ๐ฅุชุดุฏุฏ ุขููุฏฺฏ ููุง ุฏุฑ ุฎูุฒุณุชุงู ๐ฅููุง ฑธ ุดูุฑ ุฏุฑ ูุถุนุช ูุงุณุงูู ๐ด ุณูุณูฺฏุฑุฏ ฑธฐ AQI ๐ด ฺฉุงุฑูู ฑทด AQI ๐ด ุงููุงุฒ ฑทณ AQI ๐ด ููุฒู ฑทณ AQI ๐ด ูุงูุดูุฑ ฑถท AQI ๐ด ุฏุฒููู ฑถถ AQI ๐ด ุงูุฏูุดฺฉ ฑถต AQI ๐ด ุขุจุงุฏุงู ฑถฐ AQI ๐ด ุดุงุฏฺฏุงู ฑตน AQI ๐ด ุฎุฑูุดูุฑ ฑตธ AQI ๐ด ููุงุซุงู ฑตท AQI ๐ด ุดูุด ฑตถ AQ ๐ด ุดูุดุชุฑ ฑตต AQI ๐ด ุขุบุงุฌุงุฑ ฑตฒ AQI ๐ ูุงู ฑดณ AQI ๐ ููุชฺฉู ฑดฒ AQI ๐ ุขุบุงุฌุงุฑ ฑดธ AQI ๐ ุฑุงูุดุฑ ฑฑณ AQI #ุงุทูุงุน_ุฑุณุงู_ฺฉูุฏ โ ุงุฎุจุงุฑ  ุชุนุทู ูุฏุงุฑุณ ูโุงุฏุงุฑุงุช ู ุฏุงูุดฺฏุงู ูุง ุฎูุฒุณุชุงู ุฑุง ุฏูุจุงู ฺฉูุฏ๐ https://t.me/khozkhabar https://t.me/khozkhabar,"1. ููุถูุน: ูุญุท ุฒุณุช
2. ุงูููุช: High
3. ุงูุฏุงู: ุงุทูุงุนโุฑุณุงู ุจู ุดูุฑููุฏุงู ุฏุฑ ุฎุตูุต ูุถุนุช ุขููุฏฺฏ ููุง ู ุงุญุชูุงู ุชุนุทู ูุฏุงุฑุณ ู ุงุฏุงุฑุงุช.
4. ูุญูู: ูุงูุดุฎุต
"
#ููุฑ ๐ฅฺฉุงุฑฺฏุฑูู ุงุถุทุฑุงุฑ ุขููุฏฺฏ ููุง ุฎูุฒุณุชุงู ุงูุดุจ ุจุฑฺฏุฒุงุฑ ู ุดูุฏ #ุงุทูุงุน_ุฑุณุงู_ฺฉูุฏ โ ุงุฎุจุงุฑ ุชุนุทู ูุฏุงุฑุณ ูโุงุฏุงุฑุงุช ู ุฏุงูุดฺฏุงู...,@khozkhabar,#ููุฑ ๐ฅฺฉุงุฑฺฏุฑูู ุงุถุทุฑุงุฑ ุขููุฏฺฏ ููุง ุฎูุฒุณุชุงู ุงูุดุจ ุจุฑฺฏุฒุงุฑ ู ุดูุฏ #ุงุทูุงุน_ุฑุณุงู_ฺฉูุฏ โ ุงุฎุจุงุฑ  ุชุนุทู ูุฏุงุฑุณ ูโุงุฏุงุฑุงุช ู ุฏุงูุดฺฏุงู ูุง ุฎูุฒุณุชุงู ุฑุง ุฏูุจุงู ฺฉูุฏ๐ https://t.me/khozkhabar https://t.me/khozkhabar,"
1. ููุถูุน: ูุญุท ุฒุณุช
2. ุงูููุช: High
3. ุงูุฏุงู: ฺฉุงุฑฺฏุฑูู ุงุถุทุฑุงุฑ ุขููุฏฺฏ ููุง ุฏุฑ ุฎูุฒุณุชุงู ุชุดฺฉู ุฌูุณู ูโุฏูุฏ ุชุง ุฏุฑ ููุฑุฏ ุชุนุทู ุงุญุชูุงู ูุฏุงุฑุณ ู ุงุฏุงุฑุงุช ุชุตููโฺฏุฑ ฺฉูุฏ.
4. ูุญูู: ูุงูุดุฎุต"
#ููุฑ ๐ฅููุง ฑต ุดูุฑ ุฎูุฒุณุชุงู ุฏุฑ ูุถุนุช ูุงุณุงูู ๐ด #ฺฉุงุฑูู ฑธถ AQI/ูุฑูุฒ ๐ด #ุฏุดุชโุขุฒุงุฏฺฏุงู ฑทฐ AQI/ูุฑูุฒ ๐ด #ุงููุงุฒ ฑถถ AQI/ูุฑูุฒ ๏ฟฝ...,@khozkhabar,#ููุฑ ๐ฅููุง ฑต ุดูุฑ ุฎูุฒุณุชุงู ุฏุฑ ูุถุนุช ูุงุณุงูู ๐ด #ฺฉุงุฑูู ฑธถ AQI/ูุฑูุฒ ๐ด #ุฏุดุชโุขุฒุงุฏฺฏุงู ฑทฐ AQI/ูุฑูุฒ ๐ด #ุงููุงุฒ ฑถถ AQI/ูุฑูุฒ ๐ด #ูุงูุดูุฑ ฑถถ AQI/ูุฑูุฒ ๐ด #ููุฒู ฑถต AQI/ูุฑูุฒ ๐ด #ุงูุฏูุดฺฉ ฑถด AQI/ูุฑูุฒ ๐ด #ุฏุฒููู ฑตน AQI/ูุฑูุฒ ๐ด #ุฎุฑูุดูุฑ ฑตธ AQI/ูุฑูุฒ ๐ด #ุขุจุงุฏุงู ฑตท AQI/ูุฑูุฒ ๐ด #ุดูุดุชุฑ ฑตท AQI/ูุฑูุฒ ๐ด #ููุงุซุงู ฑตต AQI/ูุฑูุฒ ๐ด #ุดูุด ฑตณ AQI/ูุฑูุฒ ๐ด #ุขุบุงุฌุงุฑ ฑตฑ AQI/ูุฑูุฒ ๐ #ุดุงุฏฺฏุงู ฑดน AQI/ูุงุฑูุฌ ๐  #ุงูุฏู ฑฐต AQI/ูุงุฑูุฌ ุงุทูุงุน ุฑุณุงู ฺฉูุฏ โ ุงุฎุจุงุฑ  ุชุนุทู ูุฏุงุฑุณ ูโุงุฏุงุฑุงุช ู ุฏุงูุดฺฏุงู ูุง ุฎูุฒุณุชุงู ุฑุง ุฏูุจุงู ฺฉูุฏ๐ https://t.me/khozkhabar https://t.me/khozkhabar,"
1. ููุถูุน: ูุญุท ุฒุณุช
2. ุงูููุช: High
3. ุงูุฏุงู: ุงุทูุงุนโุฑุณุงู ุจู ุดูุฑููุฏุงู ุฏุฑ ุฎุตูุต ูุถุนุช ูุงุณุงูู ููุง ุฎูุฒุณุชุงู ู ูพฺฏุฑ ุงุฎุจุงุฑ ุชุนุทู ูุฏุงุฑุณ ู ุงุฏุงุฑุงุช.
4. ูุญูู: ูุงูุดุฎุต"
โฆ๏ธ -ุฏูุง ฺฉููู ุงูุฑูุฒ ุงุณุชฺฏุงูโูุง ููุงุดูุงุณ ุฎูุฒุณุชุงู ฑดฐด/ฐน/ฒด ุงุฐู ฒ/ธ ุฏูุฏุฒ ด/ณ ุตู ุขุจุงุฏ ุฏุฒููู ถ/ธ ูุงู ท ุจูุจูุงู ท/ฑ ูุณุฌุฏ...,@khozkhabar,โฆ๏ธุฏูุง ฺฉููู ุงูุฑูุฒ ุงุณุชฺฏุงูโูุง ููุงุดูุงุณ ุฎูุฒุณุชุงู ฑดฐด/ฐน/ฒด ุงุฐู ฒ/ธ ุฏูุฏุฒ ด/ณ ุตู ุขุจุงุฏ ุฏุฒููู ถ/ธ ูุงู ท ุจูุจูุงู ท/ฑ ูุณุฌุฏ ุณููุงู ท/ณ ุดูุด ท/ด ูุฑูุฏฺฏุงู ุงููุงุฒ ธ ุจุณุชุงู ธ/ฒ ุจูุฏุฑ ูุงูุดูุฑ ธ/ฒ ฺฉุดุงูุฑุฒ ุงููุงุฒ ธ/ด ุดุงุฏฺฏุงู ธ/ด ุฑุงูุดุฑ ธ/ถ ุฑุงููุฑูุฒ ธ/ธ ุจูุฏุฑ ููุฏุฌุงู ธ/น ุดูุดุชุฑ น ุงููุฏูู น/ฑ ุญุณูู น/ด ฺฏุชููุฏ น/ท ุขุจุงุฏุงู ฑฐ/ฑ ุขุบุงุฌุงุฑ ฑฐ/ณ #ุงุทูุงุน_ุฑุณุงู_ฺฉูุฏ โ ุงุฎุจุงุฑ  ุชุนุทู ูุฏุงุฑุณ ูโุงุฏุงุฑุงุช ู ุฏุงูุดฺฏุงู ูุง ุฎูุฒุณุชุงู ุฑุง ุฏูุจุงู ฺฉูุฏ๐ https://t.me/khozkhabar https://t.me/khozkhabar,"
1. ููุถูุน: ูุญุท ุฒุณุช
2. ุงูููุช: Medium
3. ุงูุฏุงู: ุงุทูุงุนโุฑุณุงู ุฏุฑุจุงุฑู ูุถุนุช ุขุจ ู ููุง ุฎูุฒุณุชุงู ู ุงุญุชูุงู ุชุนุทู ูุฏุงุฑุณ ู ุงุฏุงุฑุงุช.
4. ูุญูู: ูุงูุดุฎุต"
#ููุฑ ๐ฅุขููุฏฺฏ ููุง ุงููุงุฒ ุงูุฒุงุด ุงูุช... #ุงุทูุงุน_ุฑุณุงู_ฺฉูุฏ โ ุงุฎุจุงุฑ ุชุนุทู ูุฏุงุฑุณ ูโุงุฏุงุฑุงุช ู ุฏุงูุดฺฏุงู ูุง ุฎูุฒุณุชุงู ุฑุง ุฏูุจุงู...,@khozkhabar,#ููุฑ ๐ฅุขููุฏฺฏ ููุง ุงููุงุฒ ุงูุฒุงุด ุงูุช... #ุงุทูุงุน_ุฑุณุงู_ฺฉูุฏ โ ุงุฎุจุงุฑ  ุชุนุทู ูุฏุงุฑุณ ูโุงุฏุงุฑุงุช ู ุฏุงูุดฺฏุงู ูุง ุฎูุฒุณุชุงู ุฑุง ุฏูุจุงู ฺฉูุฏ๐ https://t.me/khozkhabar https://t.me/khozkhabar,"1. ููุถูุน: ูุญุท ุฒุณุช
2. ุงูููุช: High
3. ุงูุฏุงู: ุงุทูุงุนโุฑุณุงู ุฏุฑ ุฎุตูุต ุขููุฏฺฏ ููุง ู ุงุญุชูุงู ุชุนุทู ูุฑุงฺฉุฒ ุขููุฒุด ู ุงุฏุงุฑ ุถุฑูุฑ ุงุณุช.
4. ูุญูู: ูุงูุดุฎุต
"
๐บูพุด ุจู ุณุงุฒูุงู ุชุญููุงุช ุขุจ ูุฒุงุฑุช ูุฑู ุงุฒ ูุฌููุน ุจุงุฑุด ูพุด ุฑู #ุงุทูุงุน_ุฑุณุงู_ฺฉูุฏ โ ุงุฎุจุงุฑ ุชุนุทู ูุฏุงุฑุณ ูโุงุฏุงุฑุงุช ู ุฏุงูุดฺฏุงู ู...,@khozkhabar,๐บูพุด ุจู ุณุงุฒูุงู ุชุญููุงุช ุขุจ ูุฒุงุฑุช ูุฑู  ุงุฒ ูุฌููุน ุจุงุฑุด ูพุด ุฑู #ุงุทูุงุน_ุฑุณุงู_ฺฉูุฏ โ ุงุฎุจุงุฑ  ุชุนุทู ูุฏุงุฑุณ ูโุงุฏุงุฑุงุช ู ุฏุงูุดฺฏุงู ูุง ุฎูุฒุณุชุงู ุฑุง ุฏูุจุงู ฺฉูุฏ๐ https://t.me/khozkhabar https://t.me/khozkhabar,"
1. ููุถูุน: ูุญุท ุฒุณุช
2. ุงูููุช: Medium
3. ุงูุฏุงู: ุงุทูุงุนโุฑุณุงู ุฏุฑุจุงุฑู ูพุดโุจู ุจุงุฑุด ู ุงุญุชูุงู ุชุนุทู ูุฏุงุฑุณ ู ุงุฏุงุฑุงุช ุฎูุฒุณุชุงู ุถุฑูุฑ ุงุณุช.
4. ูุญูู: ูุงูุดุฎุต"
#ูุธุฑุณูุฌ_ููู ๐ฅุจู ูุธุฑ ุดูุง ุฏุฑ ุตูุฑุช ุงูุฒุงุด ุขููุฏฺฏุ ุชุนุทู ฺฺฏููู ุจุงุฏ ุจุงุดุฏุ๐๐ https://whatsapp.com/channel/0029VbBUidyG3R...,@khozkhabar,#ูุธุฑุณูุฌ_ููู ๐ฅุจู ูุธุฑ ุดูุง ุฏุฑ ุตูุฑุช ุงูุฒุงุด ุขููุฏฺฏุ ุชุนุทู ฺฺฏููู ุจุงุฏ ุจุงุดุฏุ๐๐ https://whatsapp.com/channel/0029VbBUidyG3R3nNW8spH0B/402 ๐ทููุท ุชุนุทู ูุฏุงุฑุณ ุงุจุชุฏุงุ ๐ทููุท ุชุนุทู ููู ููุงุทุน ูุฏุงุฑุณุ ๐ทุชุนุทู ููู ูุฏุงุฑุณ ู ุฏุงูุดฺฏุงู ูุงุ ๐ทุชุนุทู ูุฏุงุฑุณุ ุฏุงูุดฺฏุงู ูุง ู ุงุฏุงุฑุงุชุ ๐ฅุจุฑุง ุดุฑฺฉุช ุฏุฑ ูุธุฑุณูุฌ ูุงุฑุฏ ููฺฉ ุฒุฑ ุดูุฏ๐๐๐ https://whatsapp.com/channel/0029VbBUidyG3R3nNW8spH0B/402,"
1. ููุถูุน: ูุญุท ุฒุณุช
2. ุงูููุช: High
3. ุงูุฏุงู: ุจุฑุฑุณ ู ุงุชุฎุงุฐ ุชุตูู ุฏุฑ ุฎุตูุต ุชุนุทู ุงุญุชูุงู ุจุง ุชูุฌู ุจู ูุธุฑุณูุฌ ุงูุฌุงู ุดุฏู ุฏุฑ ุตูุฑุช ุงูุฒุงุด ุขููุฏฺฏ ููุง.
4. ูุญูู: ูุงูุดุฎุต"
#ุงุทูุงุนู_ููู ๐ฅุจุงุชูุฌู ุจู ุณูุงูุงุช ูฺฉุฑุฑ ูุฎุงุทุจูุ ุจู ุขฺฏุงู ู ุฑุณุงูุฏ ุชุงฺฉููู ุฎุจุฑ ูุจู ุจุฑ ุบุฑุญุถูุฑ ุดุฏู ูุฏุงุฑุณ ุงุฒ ุณู ุฏุณุชฺฏุงูโูุง...,@khozkhabar,#ุงุทูุงุนู_ููู ๐ฅุจุงุชูุฌู ุจู ุณูุงูุงุช ูฺฉุฑุฑ ูุฎุงุทุจูุ ุจู ุขฺฏุงู ู ุฑุณุงูุฏ ุชุงฺฉููู ุฎุจุฑ ูุจู ุจุฑ ุบุฑุญุถูุฑ ุดุฏู ูุฏุงุฑุณ ุงุฒ ุณู ุฏุณุชฺฏุงูโูุง ุฐุฑุจุท ููุชุดุฑ ูุดุฏู ุงุณุช. ๐ธูุฐุง ุฏุฑ ุตูุฑุช ุงุนูุงู ูุฑฺฏููู ุฎุจุฑ ูุจู ุจุฑ ุบุฑ ุญุถูุฑ ุดุฏู ูุฏุงุฑุณ ุงุฒ ุทุฑู ฺฉุงูุงู #ุดุจฺฉู_ุฎุจุฑ_ุฎูุฒุณุชุงู  ุงุทูุงุน ุฑุณุงู ุฎูุงูุฏ ุดุฏ. โ#ุงุทูุงุน_ุฑุณุงู_ฺฉูุฏ โ ุงุฎุจุงุฑ  ุชุนุทู ูุฏุงุฑุณ ูโุงุฏุงุฑุงุช ู ุฏุงูุดฺฏุงู ูุง ุฎูุฒุณุชุงู ุฑุง ุฏูุจุงู ฺฉูุฏ๐ https://t.me/khozkhabar https://t.me/khozkhabar,"
1. ููุถูุน: ุดูุฑ
2. ุงูููุช: Low
3. ุงูุฏุงู: ุงุทูุงุนโุฑุณุงู ุฏุฑ ุฎุตูุต ูุถุนุช ุจุงุฒ ุง ุจุณุชู ุจูุฏู ูุฏุงุฑุณ ุฎูุฒุณุชุงู ุงุฒ ุทุฑู ุดุจฺฉู ุฎุจุฑ ุฎูุฒุณุชุงู ุงูุฌุงู ุฎูุงูุฏ ุดุฏ.
4. ูุญูู: ูุงูุดุฎุต"
๐ฅุชุนุทู ูุฏุงุฑุณ ู ุฏุงูุดฺฏุงูโูุง ุจุฑุฎ ุดูุฑูุง ู ุงุณุชุงู ูุง ฺฉุดูุฑ ุฏุฑ ุฑูุฒ ุณู ุดูุจู ๐นูุฑูุฒฺฏุงู ๐นุจูุดูุฑ ๐ธุขุฐุฑุจุงุฌุงู ุดุฑู ๐ธฺูุงุฑูุญุงูโูโ...,@khozkhabar,๐ฅุชุนุทู ูุฏุงุฑุณ ู ุฏุงูุดฺฏุงูโูุง ุจุฑุฎ ุดูุฑูุง ู ุงุณุชุงู ูุง ฺฉุดูุฑ ุฏุฑ ุฑูุฒ ุณู ุดูุจู ๐นูุฑูุฒฺฏุงู ๐นุจูุดูุฑ ๐ธุขุฐุฑุจุงุฌุงู ุดุฑู ๐ธฺูุงุฑูุญุงูโูโุจุฎุชุงุฑ ๐นุณููุงู ๐นุฌุฑูุช ๐ธูุงุฑุณ ๐ธฺฉุด โ ูุณุช ุฏุฑ ุญุงู ุจู ุฑูุฒุฑุณุงู . . . #ุงุทูุงุน_ุฑุณุงู_ฺฉูุฏ โ ุงุฎุจุงุฑ  ุชุนุทู ูุฏุงุฑุณ ูโุงุฏุงุฑุงุช ู ุฏุงูุดฺฏุงู ูุง ุฎูุฒุณุชุงู ุฑุง ุฏูุจุงู ฺฉูุฏ๐ https://t.me/khozkhabar https://t.me/khozkhabar,"1. ููุถูุน: ุดูุฑ
2. ุงูููุช: Medium
3. ุงูุฏุงู: ุงุทูุงุนโุฑุณุงู ุฏุฑุจุงุฑู ุงุญุชูุงู ุชุนุทู ูุฏุงุฑุณ ู ุฏุงูุดฺฏุงูโูุง ุฏุฑ ุฎูุฒุณุชุงู.
4. ูุญูู: ูุงูุดุฎุต
"
#ููุฑ_ููู ๐ฅุขุฎุฑู ุชุตูู ฺฉุงุฑฺฏุฑูู ุงุถุทุฑุงุฑ ุขููุฏฺฏ ููุง ุฏุฑ ุฎุตูุต ุชุนุทู ูุฑุฏุง ุชุง ุฏูุงู ุฏฺฏุฑ ุฏุฑ ุงู ฺฉุงูุงู ููุชุดุฑ ุฎูุงูุฏ ุดุฏ๐๐ป,@khozkhabar,#ููุฑ_ููู ๐ฅุขุฎุฑู ุชุตูู ฺฉุงุฑฺฏุฑูู ุงุถุทุฑุงุฑ ุขููุฏฺฏ ููุง ุฏุฑ ุฎุตูุต ุชุนุทู ูุฑุฏุง ุชุง ุฏูุงู ุฏฺฏุฑ ุฏุฑ ุงู ฺฉุงูุงู ููุชุดุฑ ุฎูุงูุฏ ุดุฏ๐๐ป๐๐ป https://eitaa.com/khozkhabar https://eitaa.com/khozkhabar,"1. ููุถูุน: ูุญุท ุฒุณุช
2. ุงูููุช: High
3. ุงูุฏุงู: ููุชุธุฑ ุงุนูุงู ุชุตูู ฺฉุงุฑฺฏุฑูู ุงุถุทุฑุงุฑ ุขููุฏฺฏ ููุง ุฏุฑ ููุฑุฏ ุชุนุทู ูุฑุฏุง ุจุงุดุฏ.
4. ูุญูู: ูุงูุดุฎุต
"